Antonio Cesarano <cesarano2607@gmail.com>
Antonio Cesarano <cesarano2607@gmail.comk>
Chris Aslanoglou <chris.aslanoglou@gmail.com>
David Caro <david@dcaro.es>
Glignos <glignos93@gmail.com>
Harris Tzovanakis <me@drjova.com>
Harun Urhan <harunurhan17@gmail.com>
Iuliana Voinea <iuliana.voinea@student.manchester.ac.uk>
Jacopo Notarstefano <jacopo.notarstefano@cern.ch>
Jacopo Notarstefano <jacopo.notarstefano@gmail.com>
Javier Martin Montull <javier.martin.montull@cern.ch>
Koursaros93 <glignos93@gmail.com>
Low Kian Seong <lowks@users.noreply.github.com>
MJedr <42305444+MJedr@users.noreply.github.com>
MJedr <jedrych.marcysia@gmail.com>
Marcjanna <42305444+MJedr@users.noreply.github.com>
Micha Moskovic <michamos@gmail.com>
Miguel Garcia <grcmiguel@outlook.com>
Miguel García García <miguel.garcia.garcia@cern.ch>
Mona <awi_moni@yahoo.com>
Mona Al Owe <awi_moni@yahoo.com>
Pawel <41995670+pazembrz@users.noreply.github.com>
Pawel Zembrzuski <pawel.kacper.zembrzuski@cern.ch>
Samuele Kaplun <Samuele.Kaplun@cern.ch>
Samuele Kaplun <samuele.kaplun@cern.ch>
Spiros Delviniotis <spirosdelviniotis@gmail.com>
Spiros Delviniotis <spyridon.delviniotis@cern.ch>
Szymon Lopaciuk <szymon.lopaciuk@cern.ch>
Szymon Łopaciuk <szymon.lopaciuk@cern.ch>
Thorsten Schwander <thorsten.schwander@gmail.com>
Victor Balbuena <36045442+vbalbp@users.noreply.github.com>
Victor Balbuena <vbalbp@gmail.com>
Zacharias Zacharodimos <zacharias.zacharodimos@cern.ch>
ammirate <cesarano2607@gmail.com>
harunurhan <harunurhan17@gmail.com>
monaawi <awi_moni@yahoo.com>
pazembrz <41995670+pazembrz@users.noreply.github.com>
rikirenz <riccardocandido@gmail.com>
